AREA_ACRES,AREA_SQKM,STATES,HUC_10,HU_10_NAME,HU_10_MOD,HU_10_TYPE,VERTICES,Shape_Length,Shape_Area
124155.203,502.4669722,"CO,KS,NE",1025000108,Dry Willow Creek-Arikaree River,NM,S,96,1.278117426,0.052964124
126999.63,515.1020318,CO,1025000205,Hell Creek,NM,S,136,1.861777893,0.054331183
100262.919,405.6694085,NM,1104000104,Long Canyon-Dry Cimarron River,NM,S,73,1.227514072,0.041008883
66804.27,269.6113193,"CO,OK",1104000203,Ute Canyon Creek,NM,S,71,1.128847986,0.027321135
146694.416,593.2782739,CO,1025000208,Headwaters North Fork Republican River,NM,S,167,1.816123467,0.062575573
135650.169,548.2200521,CO,1025000303,South Fork Republican River,NM,S,101,1.45146661,0.057194869
142070.248,576.4986091,"CO,KS",1104000301,City of Campo-North Fork Cimarron River,NM,S,95,1.812858094,0.0585077
187292.322,758.5632722,"CO,NE",1025000501,Sand Creek,NM,S,199,3.104589048,0.080773759
207038.84,838.3190684,"CO,NE",1025000601,City of Venango,NM,S,183,2.676413659,0.089351141
238481.61,968.1722479,"CO,NE",1025000606,Headwaters Stinking Water Creek,NM,S,168,2.38579795,0.103351201
172244.617,696.7255822,"CO,KS",1025001202,Middle/South Beaver Creek,NM,S,104,1.647051356,0.072815855
120188.635,486.140889,CO,1102000113,Outlet Grape Creek,NM,S,115,1.383886991,0.050054853
137069.218,553.3606926,CO,1102000205,Beaver Creek,NM,S,114,1.579866675,0.05724401
80409.763,326.1069622,CO,1102000207,Turkey Creek,NM,S,75,1.196483886,0.03367468
114492.835,463.0730291,CO,1102000212,Saint Charles River-Arkansas River,NM,S,66,1.114754163,0.04762693
145171.493,586.1524414,CO,1102000301,Monument Creek,NM,S,82,1.190033903,0.060957715
208552.034,844.6325956,CO,1102000303,Middle Fountain Creek,NM,S,95,1.48374931,0.087563051
126532.513,512.9432022,CO,1102000401,Brackett Creek-Black Squirrel Creek,NM,S,80,1.23706602,0.053307253
169239.171,682.9553172,CO,1102000402,Black Squirrel Creek,NM,S,105,1.762084599,0.070790873
96186.275,389.3343242,CO,1102000505,Dry Creek,NM,S,52,0.923161621,0.03984178
127735.2,517.4100569,CO,1102000509,Anderson Arroyo-Arkansas River,NM,S,94,1.317236566,0.05304227
171977.082,694.8856062,CO,1102000601,Headwaters Huerfano River,NM,S,87,1.437730003,0.071044973
60982.505,246.9040979,CO,1102000603,Dog Springs Arroyo-Huerfano River,NM,S,38,0.719665503,0.025225851
138346.698,560.9188293,CO,1102000605,Middle Cucharas River,NM,S,95,1.310692972,0.057187411
165963.193,671.2192705,CO,1102000703,Middle Apishapa River,NM,S,78,1.306653961,0.068631948
174559.007,705.0100932,CO,1019001201,Badger Creek,NM,S,119,1.820628597,0.074314986
229271.507,928.1877299,CO,1019001207,Prewitt Reservoir-South Platte River,"TF,GC",M,132,1.656555998,0.098464012
156610.715,635.5715749,CO,1102000910,Dry Creek-Arkansas River,NM,S,88,1.486890785,0.065267992
243690.092,988.8258213,CO,1102000911,1102000911,NM,S,96,1.649087745,0.102080778
113104.796,457.1502176,"CO,KS",1102000918,Wild Horse Creek,NM,S,60,1.142805065,0.047056795
111523.443,451.5500989,CO,1102001010,Van Bremer Arroyo,TF,S,77,1.273937334,0.045954547
239157.927,967.4640777,"CO,NE",1019001208,Cedar Creek,NM,S,130,1.834212119,0.103335418
161420.407,653.241343,CO,1019001402,South Pawnee Creek,NM,S,130,1.609047499,0.069592446
159040.05,643.9449185,CO,1102001101,Headwaters Big Sandy Creek,NM,S,141,1.722037206,0.067095949
84889.862,345.1355326,CO,1102001201,Long Branch,NM,S,82,1.316962387,0.035913705
150746.88,611.4051359,CO,1102001301,Upper Two Butte Creek,NM,S,77,1.237188722,0.062215621
101978.113,412.267348,CO,1018000102,North Fork North Platte River,NM,S,73,1.022276606,0.04400731
155700.325,628.8963033,CO,1019000203,Outlet North Fork South Platte River,NM,S,100,1.463560229,0.065800811
185764.349,751.4610827,CO,1019000204,Lost Creek-South Platte River,NM,S,135,1.819250088,0.07840541
122309.852,496.7164881,CO,1019000206,West Plum Creek,NM,S,91,1.19066157,0.051892994
162346.423,658.0362715,CO,1019000803,Owl Creek-Lone Tree Creek,NM,S,111,1.687349401,0.070159618
118786.474,480.8130832,CO,1019001004,Lower Kiowa Creek,NM,S,105,1.430721379,0.050768411
117506.517,476.3872244,"CO,WY",1018001003,Shell Creek,IT,S,84,1.273861071,0.051003507
154653.39,625.8406051,CO,1019000307,Headwaters Box Elder Creek,NM,S,153,2.190284068,0.065568993
158315.765,640.913039,CO,1019000308,Outlet Box Elder Creek,NM,S,126,1.908865475,0.067727907
57207.578,230.8631431,CO,1019000501,South Saint Vrain Creek,NM,S,75,1.116294066,0.024396858
222030.835,898.9847791,CO,1405000101,Headwaters Yampa River,NM,S,130,1.900499421,0.095046671
148501.753,601.2782739,CO,1405000103,Outlet Elk River,NM,S,102,1.371987576,0.063990191
142636.761,575.6504968,CO,1405000106,Elkhead Creek,NM,S,99,1.368479539,0.061301279
120334.863,487.1313394,CO,1405000202,Morgan Gulch-Yampa River,NM,S,88,1.34261672,0.051669047
97179.385,394.4497007,CO,1405000303,Slater Creek,NM,S,82,1.188399395,0.042127378
236912.87,957.8275355,"CO,WY",1405000308,Little Snake River-Powder Wash,IT,S,150,2.115764599,0.102416543
115372.765,466.1236529,CO,1405000502,South Fork White River,NM,S,110,1.513434648,0.049072386
214220.442,867.9214248,CO,1401000103,Headwaters Colorado River,NM,S,138,1.885254248,0.091851687
188361.91,762.6700147,CO,1401000107,Muddy Creek,NM,S,133,1.71703357,0.080707355
75675.193,305.8314474,CO,1401000108,Piney River,NM,S,54,0.990168338,0.032148306
192171.77,776.5453244,"CO,NM",1408010106,Navajo River,NM,S,124,1.920287073,0.078667952
67169.996,272.0591968,CO,1401000113,Sweetwater Creek,NM,S,65,0.853609742,0.028614178
123804.439,500.0418284,CO,1401000306,Lower Eagle River,NM,S,109,1.49760855,0.052516628
37537.587,151.2806093,CO,1401000403,Maroon Creek,NM,S,45,0.641543797,0.015752996
81739.433,330.6667111,CO,1401000406,Woody Creek-Roaring Fork River,NM,S,89,1.250132353,0.034513393
68633.369,279.4703908,CO,1408010409,Middle Animas Valley,NM,S,52,0.830679839,0.028357574
56401.605,227.8827876,CO,1401000409,Cattle Creek,NM,S,72,0.997155992,0.023856805
81981.571,332.0306812,CO,1402000204,Beaver Creek-Blue Mesa Reservoir,NM,S,64,0.995495619,0.034310235
276849.506,1120.671302,CO,1402000206,Lake Fork,NM,S,137,2.026865247,0.115102018
128616.29,519.36987,CO,1402000212,Smith Fork-Gunnison River,NM,S,106,1.571337429,0.053768673
43512.444,175.576424,CO,1402000302,Razor Creek,NM,S,59,0.831678024,0.018093456
62709.555,254.3723325,CO,1402000401,West Muddy Creek,NM,S,70,1.034543059,0.026479944
75275.119,305.1713016,CO,1402000506,East Creek,NM,S,66,1.072236047,0.031665022
113386.108,459.8458515,"CO,UT",1403000208,Coyote Wash,NM,S,67,1.030423495,0.047312416
179509.254,727.2490571,CO,1403000307,Cottonwood Creek-San Miguel River,NM,S,131,2.149671437,0.074907623
76135.853,308.1910786,"CO,UT",1403000405,Beaver Creek-Lower Dolores River,"ID,IT,CD",S,60,1.01677709,0.031903161
254201.893,1027.94084,CO,1301000207,City of Alamosa-Rio Grande,NM,S,174,3.44925835,0.104739811
365787.584,1481.773136,CO,1301000306,Sand Creek-San Luis Creek,NM,S,95,2.237536396,0.151424218
88392.381,357.849247,CO,1301000401,Headwaters Saguache Creek,NM,S,54,0.939151164,0.036692913
213628.427,865.9932128,CO,1301000406,Russell Creek-La Garita Creek,NM,S,117,2.428366398,0.088731
145369.952,589.6585164,"CO,NM",1302010202,Chavez Creek-Rio Chama,GC,S,93,1.36719271,0.059652763
94378.326,381.9573081,CO,1301000102,Clear Creek,NM,S,56,0.991065382,0.039104949
63145.07,255.6251728,CO,1301000103,Spring Creek-Rio Grande,NM,S,55,0.808710398,0.026120411
60571.364,245.3769557,CO,1301000109,Goose Creek,NM,S,56,0.778583355,0.025056272
45887.974,184.9278724,CO,1301000112,Embargo Creek,NM,S,49,0.713384672,0.01891886
117144.002,475.2828376,CO,1301000113,Alder Creek-Rio Grande,NM,S,85,1.347651203,0.048557391
248209.527,1006.423693,CO,1301000204,La Jara Creek,NM,S,97,1.835093441,0.102178616
79246.679,320.7136834,CO,1301000402,Squaw Creek-Saguache Creek,NM,S,71,0.955010762,0.032926477
73151.618,296.5606814,CO,1301000405,La Garita Creek,NM,S,71,1.509856863,0.030358271
162343.112,657.9174098,"CO,OK",1104000204,Winchester Mesa-Cimarron River,NM,S,87,1.240042314,0.066544196
145699.493,589.8079063,"CO,KS",1104000504,North Bear Creek,NM,S,69,1.223898354,0.060331312
150989.947,608.5975781,"CO,WY",1018001002,Laramie River-Squirrel Creek,IT,S,89,1.557606883,0.065206665
125275.564,506.4773426,CO,1019000106,Elevenmile Canyon-South Platte River,NM,S,95,1.239115091,0.05264089
135590.74,549.4269365,CO,1019000201,Trout Creek-West Creek,NM,S,89,1.239687936,0.057201113
75930.965,308.3565263,CO,1019000207,Chatfield Reservoir-South Platte River,NM,S,77,0.9694078,0.03228416
107548.029,433.7323409,CO,1019000209,City of Lakewood-South Platte River,"RS,ID",S,81,1.316879592,0.045501156
95105.409,385.5098021,CO,1019000707,Rabbit Creek-North Fork Cache La Poudre River,NM,S,105,1.267524688,0.041160188
182849.319,738.8115914,"CO,WY",1019000709,Boxelder Creek,IT,S,106,1.550211876,0.078896015
184648.313,747.1673805,CO,1019001103,Middle Bijou Creek,NM,S,109,1.59968423,0.07828134
139183.795,562.4770842,CO,1019001210,Lewis Creek-South Platte River,NM,M,71,1.306147634,0.060008109
87161.282,353.0877528,CO,1025000102,Gordon Creek,NM,S,112,1.548507851,0.037050762
188840.662,763.757045,CO,1025000107,Spring Canyon-Arikaree River,NM,S,141,1.880602273,0.080284149
140064.043,567.711975,"CO,NM",1108000102,Chicorica Creek-Canadian River,NM,S,126,1.837570222,0.057395149
176276.84,714.9950514,"CO,NE",1019001212,Cottonwood Creek-South Platte River,NM,M,117,1.527530337,0.076433554
122392.932,496.1148461,CO,1019001301,Upper Beaver Creek,NM,S,77,1.077818032,0.05198103
183331.884,740.7565696,CO,1019001303,Middle Beaver Creek,NM,S,103,1.639996075,0.077812717
196182.042,793.3826995,CO,1025000207,Chief Creek,NM,S,163,1.962645816,0.083865529
80335.217,325.970508,CO,1025000302,Sand Creek,NM,S,105,1.222723655,0.033982398
75942.229,306.6247514,CO,1025000306,1025000306,NM,S,102,1.171814054,0.032070669
184990.211,746.1714045,"CO,NE",1019001607,Lodgepole Creek,TF,S,167,2.757410353,0.080029462
82492.438,334.6709429,"CO,NE,WY",1019001701,Two Mile Mountain,NM,S,94,1.149992256,0.035853045
189435.104,765.8322959,CO,1102000111,Tallahassee Creek-Currant Creek,NM,S,94,1.346966188,0.079252622
130107.313,527.230838,CO,1102000210,Greenhorn Creek,NM,S,71,1.335974611,0.054059327
307216.765,1243.773266,CO,1102000803,Breckenridge Creek,NM,S,122,2.0780855,0.128610446
111177.802,448.6923303,CO,1102000908,Caddoa Creek,NM,S,66,1.267469728,0.045920922
93759.996,378.4577295,CO,1102000912,Kiowa Creek,NM,S,73,1.255070966,0.039069762
75181.278,305.3255562,CO,1102001013,Perly Canyon-Purgatorie River,NM,S,63,0.856744152,0.03105405
126460.032,511.4923007,CO,1102001019,Outlet Purgatorie River,NM,S,76,1.148880603,0.052400627
114478.023,463.793002,CO,1102001105,Wild Horse Creek,NM,S,80,1.22425267,0.048181618
145232.191,589.1588801,CO,1102001203,North Rush Creek-Rush Creek,NM,S,117,1.765846121,0.061298839
178390.57,721.6899654,CO,1102001206,Lower Rush Creek,NM,S,124,1.706700483,0.074594196
137816.307,557.4779382,CO,1102001304,Lower Two Butte Creek,NM,S,113,1.906015137,0.056993578
248440.869,1005.614282,"CO,NM,OK",1104000202,Black Mesa State Park-Cimarron River,NM,S,113,1.69456475,0.101728479
152753.222,618.8091722,"CO,UT",1406000103,Garden Creek-Green River,OT,S,81,1.329160318,0.065724023
160173.274,646.6405802,CO,1401000106,Troublesome Creek-Colorado River,NM,S,108,1.486702552,0.068381061
78914.878,319.4317699,CO,1401000201,Upper Blue River,NM,S,65,0.942131859,0.033434998
67161.577,272.8108226,CO,1401000408,Middle Roaring Fork River,NM,S,68,0.941290648,0.028510151
40521.482,162.8391288,CO,1401000504,Mamm Creek,NM,S,42,0.661269389,0.017031879
250590.967,1016.283343,CO,1402000305,Cochetopa Creek,NM,S,132,1.926911882,0.104519093
58170.513,234.4203073,CO,1408010101,East Fork San Juan River,NM,S,54,0.723664795,0.023851531
107381.592,433.769567,CO,1408010103,Rio Blanco,NM,S,78,1.163323132,0.044032263
67841.233,274.5605611,"CO,NM",1408010108,San Juan River-Navajo Reservoir,RS,S,82,1.065152505,0.027791395
128064.563,518.3342971,"CO,NM",1408010116,Navajo Reservoir,"DM,RS",S,133,1.895068248,0.052407106
102853.432,415.4877862,"CO,UT",1403000108,Westwater Creek-Colorado River,ID,S,135,1.910364738,0.043199772
108177.324,436.9303536,CO,1403000201,West Dolores River,NM,S,85,1.325220777,0.044672389
125814.535,510.560295,CO,1403000203,McPhee Reservoir-Dolores River,"RS,PS,LE,MA",S,84,1.276944751,0.052031353
72165.051,291.2753287,"CO,UT",1403000209,La Sal Creek,NM,S,47,0.871050671,0.030022865
68004.276,274.6985455,CO,1408010205,Lower Piedra River,NM,S,55,0.86902172,0.027866609
60935.252,245.5041044,CO,1408010403,Animas River Canyon,NM,S,67,0.889510534,0.0250718
100705.041,408.1747665,"CO,NM",1408010502,McDermott Arroyo-La Plata River,NM,S,59,1.026961187,0.041331295
104650.083,423.891303,CO,1403000210,Gypsum Valley-Dolores River,NM,S,78,1.324974369,0.043578101
65538.582,264.7410892,CO,1403000401,Mesa Creek,GC,S,60,0.839889142,0.027342241
57287.162,230.4432647,"CO,UT",1403000402,Roc Creek,"ID,OT",S,57,1.007434665,0.023790997
209214.874,847.6138612,"CO,NM",1408010703,Lower Mancos River,NM,S,96,1.586059073,0.085896519
97700.227,395.781456,"CO,UT,WY",1404010608,Red Creek,NM,S,76,1.04766841,0.042376348
195904.273,792.8509241,"CO,UT,WY",1404010609,Crouse Creek-Green River,OT,S,128,1.795214832,0.084649871
172139.533,699.6100951,CO,1405000111,Dry Creek-Yampa River,RS,S,150,1.939738097,0.074297147
142748.21,578.7835981,CO,1405000201,Milk Creek,NM,S,91,1.290755055,0.061249137
225626.821,913.0986668,WY,1405000304,Savery Creek,IT,S,99,1.551424396,0.09805089
119335.272,484.0042372,"CO,WY",1405000305,Fourmile Creek,IT,S,74,1.210885425,0.051699011
235225.678,952.9294041,CO,1405000503,Coal Creek-White River,NM,S,150,1.841931485,0.100473981
240501.447,972.2108813,"CO,UT",1405000705,Dripping Rock Creek-White River,NM,S,109,1.533943889,0.102657663
184114.136,745.2830602,"CO,UT",1405000706,Evacuation Creek,NM,S,97,1.334308787,0.078334645
78590.345,318.6982515,"CO,UT",1406000101,Jones Hole Creek,OT,S,84,1.265815077,0.033935344
133371.888,539.2388451,CO,1018000106,Canadian River,RS,S,77,1.254419942,0.057502427
155784.464,629.7961128,"CO,WY",1018000201,North Platte River-Douglas Creek,IT,S,114,1.586669474,0.067481222
230427.302,933.092954,"CO,NE",1025000503,Foerster Branch,NM,S,274,3.677535703,0.099063373
87208.856,352.6520692,"CO,NE",1025000603,1025000603,NM,S,106,1.574942727,0.037638221
160800.033,648.5165738,CO,1019000101,Middle Fork South Platte River,NM,S,89,1.480871376,0.067639116
211409.195,855.7134389,CO,1025000104,Alder Creek-Arikaree River,NM,S,119,1.689722719,0.089838099
252579.804,1021.87898,"CO,KS",1025000311,Cherry Creek-South Fork Republican River,NM,S,120,1.751501679,0.107364176
167599.051,678.3332001,CO,1018000101,Grizzly Creek,NM,S,108,1.546943474,0.07203128
175074.2,709.7828647,CO,1018000104,Illinois River,RS,S,117,1.814143779,0.075413862
160838.915,650.8487485,CO,1019000310,Sanborn Draw-South Platte River,NM,S,118,1.429776116,0.069066715
88243.126,357.157728,"CO,WY",1019000705,Dale Creek,NM,S,93,1.254524204,0.038243805
238164.27,963.9197851,"CO,WY",1019000902,Middle Crow Creek,IT,S,154,2.486051646,0.103049158
98794.669,400.6755615,CO,1019001003,Middle Kiowa Creek,NM,S,124,1.899405094,0.0419919
160429.568,649.201506,CO,1019001302,Sand Creek,NM,S,112,1.535217088,0.068213201
108822.968,439.7052163,"CO,NE",1019001606,Cow Creek,NM,S,151,2.087578879,0.047084716
166518.772,672.8840099,CO,1401000302,Upper Eagle River,NM,S,84,1.285167037,0.070428792
65757.061,266.6275269,CO,1401000305,Gypsum Creek,NM,S,69,0.880377261,0.027929664
185347.791,748.8900865,CO,1401000405,Fryingpan River,NM,S,118,1.629498319,0.078241153
62987.283,254.4419776,CO,1401000410,Outlet Roaring Fork River,NM,S,60,0.906183259,0.026629247
99272.889,402.1035499,CO,1401000506,Garfield Creek-Colorado River,NM,S,102,1.598298006,0.042115662
124677.165,504.9445897,CO,1402000210,Crystal Creek-Gunnison River,NM,S,99,1.495385748,0.052152496
110470.818,447.7532948,CO,1402000301,Headwaters Tomichi Creek,NM,S,75,1.135843369,0.046195453
159084.699,644.5599533,CO,1402000502,Roubideau Creek,NM,S,59,1.281710238,0.066587155
42325.853,170.8797197,CO,1408010113,Beaver Creek,NM,S,49,0.757883934,0.017359189
198046.577,800.1590927,CO,1408010501,Headwaters La Plata River,NM,S,83,1.400511388,0.081220998
111873.228,452.4503055,"CO,UT",1403000101,Bitter Creek,NM,S,86,1.078287833,0.047241972
22875.97,93.21350528,CO,1301000106,Miners Creek,NM,S,36,0.491112775,0.009548437
71966.142,289.6587536,CO,1403000302,Horsefly Creek,NM,S,80,1.116025423,0.029804484
127408.509,516.0356287,CO,1301000110,Shallow Creek-Rio Grande,NM,S,117,1.804373048,0.052766028
57676.628,233.3794812,"CO,NM",1301000208,Sanchez Reservoir,NM,S,55,0.746556507,0.02363343
99070.16,399.3293222,"CO,NM",1301000502,Rio de Los Pinos,NM,S,88,1.384869151,0.040414533
187427.122,756.5844095,"CO,UT",1403000505,East Canyon-Hatch Wash,NM,S,102,1.602746214,0.077647604
75495.93,305.819374,"CO,UT",1408020303,Monument Canyon,OT,S,83,1.251152126,0.031241512
166198.229,673.1661791,"CO,NM",1301000504,Outlet Conejos River,NM,S,136,2.358181912,0.068258088
209802.989,849.6287017,"CO,WY",1404010901,Vermillion Creek,NM,S,94,1.573701743,0.09102785
185235.27,749.0608788,CO,1405000104,Oak Creek-Yampa River,NM,S,136,1.85249456,0.079474525
109770.808,442.7398505,CO,1405000110,Williams Fork,NM,S,79,1.135072119,0.046914428
128527.958,521.2940048,CO,1401000110,Rock Creek,NM,S,103,1.494247418,0.055012088
189828.191,766.7951411,"CO,WY",1405000302,Little Snake River-Willow Creek,IT,S,177,2.548509462,0.082062414
166857.504,676.2925383,CO,1405000501,North Fork White River,NM,S,95,1.470501105,0.071348689
124659.355,505.1906354,CO,1408020201,Upper McElmo Creek,RS,S,88,1.154576525,0.051398927
178272.55,719.80745,CO,1405000504,Strawberry Creek-White River,NM,S,124,1.629367562,0.075960378
177251.993,717.2148174,CO,1405000505,Crooked Wash-White River,NM,S,97,1.333274379,0.075886195
198280.62,801.7445709,CO,1405000602,Outlet Piceance Creek,NM,S,126,1.833859206,0.084406895
150322.375,607.2807346,"CO,UT",1405000710,Coyote Wash,OT,S,80,1.218692296,0.064138578
106258.229,431.2926981,"CO,UT",1406000102,Cliff Creek,OT.CD,S,77,1.18556659,0.04568638
163190.68,659.8693415,"CO,NM,OK",1104000110,Sloan Creek-Dry Cimarron River,GC,S,109,1.592762475,0.066761782
194109.672,786.6831131,CO,1104000501,Cat Creek-Bear Creek,NM,S,88,1.922025046,0.080061933
193186.308,781.7078618,CO,1102000102,Headwaters Arkansas River,NM,S,94,1.371284473,0.081547405
175065.75,708.5845507,CO,1102000202,Outlet Four Mile Creek,NM,S,117,1.503877216,0.073330335
254982.992,1033.463662,"CO,KS",1026000101,Willow Creek-Smoky Hill River,NM,S,141,2.14528039,0.107358456
81544.096,328.7425589,CO,1102000206,Red Creek-Arkansas River,NM,S,70,1.118729729,0.033856578
102459.687,414.8891327,CO,1102000209,Dry Creek-Arkansas River,NM,S,74,1.283140731,0.04272756
75848.118,306.9919044,CO,1102000302,Upper Fountain Creek,NM,S,66,0.883154524,0.031873482
167425.455,678.9693169,CO,1102000403,Chico Creek,NM,S,94,1.664096655,0.070139003
244993.45,991.8306863,CO,1102000503,Chicosa Creek-Arkansas River,TF,S,137,2.318899811,0.101917508
70810.547,286.4758432,CO,1102000508,Crooked Arroyo,NM,S,48,0.905178421,0.029321344
163160.527,661.5803929,CO,1102000701,Headwaters Apishapa River,NM,S,92,1.488295027,0.067290226
214213.063,865.7863026,CO,1102000702,Upper Apishapa River,NM,S,102,1.612803623,0.088288435
145006.689,585.6638781,CO,1102000805,Lower Horse Creek,NM,S,77,1.397848535,0.060235969
129060.893,521.5193329,"CO,NM",1102001003,Trinidad Lake-Purgatorie River,NM,S,98,1.388706768,0.052864645
99317.701,402.8756359,"CO,NM",1102001008,Trinchera Creek,NM,S,80,1.062888845,0.040798704
175425.534,708.7057881,CO,1102001107,Big Spring Creek-Big Sandy Creek,NM,S,94,1.329331616,0.073574754
200711.871,808.7598797,"CO,KS",1103000202,Middle White Woman Creek,NM,S,145,2.549667119,0.083507246
220074.094,891.2510001,CO,1025000204,Surveyor Creek,NM,S,180,2.413772276,0.09429037
155120.709,627.7460976,CO,1025000308,North Sand Creek-South Fork Republican River,NM,S,136,1.784333565,0.065791676
179382.025,723.4130937,CO,1102000502,Kramer Creek,NM,S,92,1.416128227,0.074648739
124530.292,502.8812345,CO,1102000909,Mud Creek,NM,S,55,1.054824098,0.051479705
36050.826,146.5823295,"CO,NM",1102001004,Raton Creek,NM,S,39,0.584866349,0.014848495
80194.089,324.2201974,CO,1102001005,Chicosa Arroyo,NM,S,60,0.973308033,0.032954547
160392.233,647.9652724,CO,1102001006,Frijole Creek-Purgatorie River,NM,S,86,1.393131436,0.065770233
98278.361,398.4101556,"CO,KS",1025000310,Bonny Reservoir-South Fork Republican River,NM,S,77,1.173708914,0.041830389
142090.92,575.3023158,"CO,NE",1025000605,Spring Creek,NM,S,223,2.926100766,0.061259306
54895.911,221.6701772,CO,1102001012,Taylor Arroyo,NM,S,46,0.692407401,0.022571129
151103.072,612.9949712,CO,1102001018,Jack Canyon-Purgatorie River,NM,S,89,1.361488391,0.06261989
147058.968,593.8085087,CO,1102001204,Upper Rush Creek,NM,S,97,1.381271479,0.061616604
150385.566,607.4811557,CO,1102001302,Middle Two Butte Creek,NM,S,96,1.659046865,0.061943892
177868.177,720.1773185,"CO,KS",1103000105,James Draw,ID,S,118,2.485110666,0.074138544
170543.932,691.3544325,"CO,KS",1025001301,Upper Little Beaver Creek,NM,S,128,1.944742907,0.072392569
85871.369,347.4740569,"CO,NM",1104000103,Long Canyon,NM,S,74,1.150828299,0.035176424
91409.052,370.5049438,"CO,NM",1104000106,Colbert Canyon-Dry Cimarron River,NM,S,66,0.964676235,0.037520875
143430.204,580.1872145,"CO,KS,OK",1104000206,City of Elkhart-Cimarron River,NM,S,83,1.483592134,0.058803391
139488.183,565.4659052,"CO,KS",1104000302,Town of Richfield-North Fork Cimarron River,NM,S,69,1.5666537,0.057394287
70103.927,283.0419153,CO,1102000103,Cottonwood Creek,NM,S,57,0.926684004,0.029356115
137312.943,555.7824648,CO,1102000211,Headwaters Saint Charles River,NM,S,94,1.443069242,0.057047793
160627.148,650.252664,CO,1025000103,North Branch Arikaree River-Arikaree River,NM,S,170,2.23093711,0.0681343
103834.662,420.7315299,CO,1025000202,Rock Creek,NM,S,90,1.350148572,0.044608195
198095.206,801.1082415,CO,1019000301,Headwaters Cherry Creek,NM,S,121,1.595307554,0.083655696
84420.497,342.1639953,CO,1019000303,Cherry Creek-South Platte River,TF,S,87,1.363588343,0.035897325
64112.471,258.705256,CO,1019000604,Headwaters Little Thompson River,NM,S,73,0.960165588,0.02740536
63588.848,258.7985801,CO,1019000605,Dry Creek-Little Thompson River,"RS,TF",S,60,0.962463861,0.027412065
84869.492,343.1017334,CO,1019001205,City of Raymer,NM,S,81,0.979044311,0.036465881
87762.838,354.0012221,"CO,NE",1019001213,Sedgwick Draw-South Platte River,TF,M,56,0.997823291,0.037871464
168225.749,681.347901,"CO,WY",1019001503,Muddy Creek,NM,S,96,1.967221565,0.073031987
229184.727,926.2582948,"CO,WY",1019000903,Little Crow Creek,NM,S,108,1.890698385,0.0990118
164628.257,667.3574455,CO,1019001002,Comanche Creek,NM,S,135,2.04249103,0.069970692
126585.92,515.1871007,CO,1019001202,Sand Arroyo Creek-South Platte River,NM,M,118,1.709842945,0.05442306
162021.788,656.9716516,NE,1019001704,Sand Draw,NM,S,144,2.101581153,0.07043538
115796.605,468.609166,CO,1019000104,Headwates Tarryall Creek,NM,S,76,1.101586739,0.048967272
167565.932,678.9003318,CO,1019000105,Ruby Gulch-Tarryall Creek,NM,S,116,1.597891281,0.070798044
174463.184,707.0266296,CO,1408010702,Middle Mancos River,NM,S,84,1.223486589,0.071716753
321482.4,1301.505322,"CO,WY",1404010902,Shell Creek,NM,S,200,2.917179652,0.13937042
92315.558,373.000207,CO,1404010903,Douglas Draw,NM,S,106,1.354323515,0.039747975
136472.067,552.4687989,CO,1405000204,Deception Creek-Yampa River,NM,S,88,1.274719283,0.058606969
229351.638,928.3356223,CO,1405000309,Greasewood Gulch-Little Snake River,NM,S,123,1.609948414,0.099022219
174078.862,705.1966215,CO,1405000310,Sand Wash,NM,S,101,1.268687889,0.075199459
176050.634,711.2969361,"CO,NM",1408010410,City of Farmington-Animas River,"GC,UA",S,100,1.495406051,0.071915505
72618.713,293.1333277,"CO,NM",1408010503,Barker Arroyo-La Plata River,GC,S,70,1.133254189,0.029637448
80078.052,322.410768,"CO,NM",1408010506,Salt Creek,GC,S,62,1.10859049,0.032607158
163306.437,661.0823448,CO,1301000403,Middle Creek-Saguache Creek,NM,S,102,1.508048818,0.067980667
101197.259,408.2615368,CO,1301000404,Carnero Creek,NM,S,79,1.587540379,0.041830497
106773.433,433.0197564,CO,1401000303,Middle Eagle River,NM,S,73,1.008116878,0.045416791
46207.734,186.9940905,CO,1401000402,Castle Creek,NM,S,45,0.684045837,0.019461475
92591.347,374.6648545,CO,1402000306,Lower Tomichi Creek,NM,S,78,1.07821371,0.038688632
66562.766,269.5575904,CO,1402000508,Outlet Gunnison River,NM,S,51,0.875884536,0.028016573
178215.023,720.9032073,CO,1403000202,Headwaters Dolores River,NM,S,98,1.587137771,0.073598607
173112.587,702.5120457,"CO,UT",1403000404,John Brown Creek-Lower Dolores River,"CD,GC",S,102,1.62505683,0.072619911
114018.715,460.7679923,CO,1401000109,Sheephorn Creek-Colorado River,NM,S,82,1.111889949,0.048564105
42912.093,173.0383963,CO,1401000111,Cabin Creek,NM,S,40,0.585380871,0.018236187
31249.749,127.5555044,CO,1401000114,Deep Creek,NM,S,54,0.734549392,0.013399824
49766.358,200.9905856,CO,1401000202,Snake River,NM,S,46,0.735780818,0.02107658
59441.756,240.2334567,CO,1401000203,Tenmile Creek,NM,S,54,0.816405146,0.025151132
84623.861,341.3680592,"CO,UT",1403000211,West Paradox Creek-Dolores River,NM,S,70,1.287459159,0.035175952
148691.16,601.6329093,CO,1403000303,Beaver-Mckenzie Creeks-San Miguel River,NM,S,114,1.586775954,0.06174674
114153.487,462.2545207,CO,1403000305,Dry Creek,NM,S,75,1.291578058,0.047465574
25739.289,103.9714718,CO,1301000107,Willow Creek,NM,S,36,0.513993923,0.010652248
36212.523,146.7924024,CO,1301000108,Bellows Creek,NM,S,40,0.648851788,0.015027363
78023.008,316.5356223,CO,1301000302,Headwaters San Luis Creek,NM,S,62,0.818994564,0.032619015
69447.775,281.5964239,CO,1018000107,Pinkham Creek-North Platte River,RS,S,87,1.228562606,0.030071259
180240.338,729.3214642,"CO,WY",1018000205,Encampment River,IT,S,135,1.936525511,0.078141027
25744.397,104.1951694,CO,1301000104,Trout Creek,NM,S,39,0.573580777,0.010636826
25369.196,102.9367016,CO,1301000105,Red Mountain Creek,RS,S,30,0.523262637,0.010507435
187848.923,760.4995634,CO,1301000304,San Isabel Creek-San Luis Creek,NM,S,76,1.273671049,0.07803186
85311.355,345.680232,CO,1301000501,Conejos River Headwaters,NM,S,72,0.97190431,0.035121719
70659.586,285.4136405,CO,1104000402,Lone Rock Draw,NM,S,66,1.204396854,0.029017843
182722.04,738.7614366,"CO,KS",1104000404,Lower Sand Arroyo Creek,NM,S,89,1.460544921,0.075207932
91309.782,368.8818213,"CO,KS",1104000503,Beaty Creek-Bear Creek,NM,S,80,1.481473152,0.037623558
220132.903,891.4352786,"CO,KS",1104000505,Little Bear Creek,NM,S,109,2.152728407,0.091054182
72127.256,292.3701598,CO,1019000703,Gordon Creek-Cache La Poudre River,NM,S,106,1.260432312,0.03115331
206715.889,836.7457466,CO,1019001102,West Bijou Creek,NM,S,151,2.224166659,0.08751037
166577.519,672.5482596,CO,1019001104,Muddy Creek,NM,S,118,1.616172097,0.0707363
120944.697,489.2780522,CO,1019001105,Bijou Creek,NM,S,139,1.896148658,0.051624136
212831.715,860.3830858,CO,1025000101,Headwaters Arikaree River,NM,S,139,1.834684693,0.089954995
218338.188,884.6878424,CO,1025000206,Jack Creek-Snyder Lake,NM,S,171,2.214468003,0.093151283
241977.324,979.1498806,CO,1019001304,Lower Beaver Creek,NM,S,116,1.827519242,0.103361166
83137.087,337.9743662,CO,1019001401,North Pawnee Creek,NM,S,72,1.10289531,0.036070364
108846.635,440.1419708,CO,1019001404,Outlet Pawnee Creek,NM,S,122,1.494929343,0.046835192
352153.659,1423.858236,"CO,NE",1025000502,Upper Frenchman Creek,RS,S,215,3.095178102,0.151417911
107370.85,433.9760573,CO,1026000201,Headwaters North Fork Smoky Hill River,NM,S,68,1.099976363,0.045152279
176565.483,716.1610237,"CO,KS",1026000202,Sandy Creek-North Fork Smoky Hill River,NM,S,111,1.611723324,0.074604771
67740.082,275.0076902,CO,1102000101,Lake Creek,NM,S,70,0.979181308,0.028622186
151348.302,612.2540172,CO,1102000104,Clear Creek-Arkansas River,NM,S,94,1.500982107,0.063634436
57177.441,232.5497046,CO,1102000105,Chalk Creek,NM,S,59,0.958265787,0.024079884
136485.291,551.7009973,CO,1102000106,South Arkansas River,"TF,ID,IT",S,89,1.268740433,0.056968824
230268.269,931.6038455,CO,1102000107,Trout Creek-Arkansas River,NM,S,117,1.982717547,0.096470552
135017.004,548.1803742,CO,1102000108,Badger Creek,NM,S,89,1.232594497,0.056735315
74137.754,300.2852459,CO,1102000110,Texas Creek,NM,S,69,0.987392996,0.030908462
226311.264,916.8779782,CO,1102000112,Headwaters Grape Creek,NM,S,99,1.510495691,0.094108817
151042.255,611.0195355,CO,1102000507,Dye Reservoir-Arkansas River,NM,S,84,1.418536227,0.062727622
157028.065,635.401068,CO,1102000602,Upper Huerfano River,NM,S,89,1.349009764,0.065013555
145653.098,590.7418853,CO,1102000704,Lower Apishapa River,NM,S,95,1.576757341,0.060541672
172194.58,696.2461798,CO,1102000907,John Martin Reservoir,NM,S,102,1.621483103,0.071550936
119362.141,483.4050749,CO,1102000917,Granada Creek-Arkansas River,NM,S,83,1.426151122,0.04962592
43511.722,175.546437,"CO,KS",1102000919,Cheyenne Creek-Arkansas River,NM,S,48,0.853966913,0.018022521
98851.53,400.2414463,"CO,NM",1102001002,Lorencito Canyon-Purgatorie River,NM,S,91,1.239785034,0.040571957
181856.477,734.2860177,CO,1102001017,Smith Canyon,NM,S,98,1.598543748,0.074785985
100329.167,406.0389909,CO,1102001103,Barron Creek-Big Sandy Creek,NM,S,72,1.00637305,0.042335538
144700.122,584.6045261,CO,1102001205,Middle Rush Creek,NM,S,96,1.345526688,0.060534006
76912.087,311.161067,CO,1102001303,Plum Creek,NM,S,57,0.942863924,0.03184984
119566.874,483.1156043,CO,1019000302,Sand Creek,TF,S,90,1.329387388,0.05069496
120699.85,488.7370963,CO,1019000311,Greasewood Draw-South Platte River,NM,S,125,1.560764973,0.051783889
90863.124,367.7721086,CO,1019000404,Lower Clear Creek,"TF,RS",S,118,1.709412891,0.038654312
188548.982,762.3306495,"CO,KS,OK",1104000205,Mitchell Draw-Cimarron River,NM,S,93,1.529166395,0.077220072
79610.466,322.3696279,CO,1019000502,North Saint Vrain Creek,NM,S,77,1.095214855,0.03410827
85828.778,346.9297695,CO,1019000505,South Boulder Creek,"RS,DM,TF",S,102,1.462885416,0.036549147
122091.389,493.9516099,CO,1019000602,Headwaters Big Thompson River,NM,S,103,1.348341999,0.052378359
92589.34,375.5121749,CO,1019000603,Buckhorn Creek,NM,S,65,1.046068398,0.039917367
158387.836,643.4449488,CO,1402000405,Outlet North Fork Gunnison River,NM,S,75,1.269337953,0.066769784
249008.278,1005.840461,CO,1402000501,Tongue Creek-Gunnison River,"RS,GC,IT",S,98,1.558685255,0.104418595
119387.297,484.0832788,CO,1402000505,Alkali Creek-Gunnison River,NM,S,97,1.587706839,0.050181226
69100.904,279.8954365,CO,1402000601,Cow Creek,RS,S,65,0.977407113,0.028770569
118551.715,479.8304283,"CO,UT",1403000207,Summit Canyon-Dolores River,NM,S,92,1.348627786,0.049240791
96817.819,392.2074961,CO,1403000306,Tabeguache Creek,NM,S,69,1.222247631,0.040445326
105884.593,428.8024174,"CO,UT",1403000406,Granite Creek-Lower Dolores River,"ID,IT,CD",S,86,1.209902491,0.04444748
184572.236,745.2370121,"CO,UT",1404010610,Conway Draw-Green River,OT,S,128,1.847655605,0.079403169
72351.244,292.5221532,CO,1405000108,South Fork Williams Fork,NM,S,50,0.805112246,0.030942102
246505.211,997.9284239,"CO,WY",1405000301,Little Snake River-Battle Creek,IT,S,135,1.869802147,0.10679357
56888.798,230.4760884,CO,1408010114,Middle Los Pinos River,NM,S,58,0.994211912,0.023428343
46790.995,189.1444487,CO,1408010203,Devil Creek,NM,S,54,0.809459418,0.019222222
75180.757,303.1921415,CO,1408010408,Outlet Florida River,NM,S,71,0.995734837,0.030766839
90682.412,368.0398608,"CO,NM",1408010504,Shumway Arroyo,GC,S,63,0.910398789,0.037195826
139818.532,567.7471254,NM,1408010505,Ojo Amarillo Canyon-San Juan River,"GC,UA",S,122,1.876580731,0.057254861
90648.536,367.5234793,CO,1401000101,Willow Creek,NM,S,66,1.070866534,0.038901718
25629.049,103.7931467,CO,1401000204,Dillon Reservoir,DM,S,49,0.74704389,0.010881396
159030.466,644.9577708,CO,1401000205,Middle Blue River,NM,S,76,1.343830356,0.067777435
114692.295,463.9606301,CO,1401000502,Elk Creek,NM,S,75,1.006416199,0.04873151
95237.32,385.4580387,CO,1401000507,Cache Creek-Colorado River,NM,S,59,0.907885235,0.040347535
185217.182,751.7526481,CO,1402000102,East River,NM,S,92,1.458807921,0.078036709
131986.394,535.1054633,CO,1402000201,Ohio Creek,NM,S,85,1.312604444,0.05541684
127387.751,514.4379317,CO,1402000207,Soap Creek-Blue Mesa Reservoir,RS,S,80,1.247408198,0.053181799
119369.457,480.9435774,CO,1402000304,Middle Tomichi Creek,NM,S,84,1.20227515,0.04962868
184372.555,746.7629153,CO,1102000204,Eightmile Creek-Arkansas River,NM,S,159,2.160448971,0.077028152
122391.61,495.9390176,CO,1102000208,Pueblo Reservoir-Arkansas River,NM,S,74,1.074413345,0.051014183
76563.352,310.0207837,CO,1102000607,Lower Cucharas River,NM,S,75,0.997683156,0.031702058
203803.447,827.4063237,"CO,WY",1018001004,Laramie River-Harney Creek,IT,S,121,1.980469375,0.088793001
220733.158,896.0008547,CO,1102000802,Upper Horse Creek,NM,S,102,1.998858065,0.092949234
106881.633,432.6779786,CO,1102000904,Muddy Creek,NM,S,70,1.05228283,0.044167354
75596.79,307.3035631,CO,1102000906,Outlet Rule Creek,NM,S,50,0.890024652,0.031481452
98672.089,399.3819031,CO,1102001106,Aroya Gulch-Big Sandy Creek,NM,S,84,1.338613527,0.041445895
173039.936,699.784243,CO,1102001202,South Rush Creek,NM,S,118,1.792426201,0.072692378
257055.537,1041.476147,CO,1019000102,South Fork South Platte River,NM,S,123,2.059406058,0.108309604
149109.077,603.4104734,CO,1019000202,Headwaters North Fork South Platte River,NM,S,100,1.474368808,0.063150471
83584.742,337.6346945,CO,1019000205,East Plum Creek,NM,S,101,1.310360409,0.035238891
170687.055,690.9621684,CO,1019000507,Boulder Creek-Saint Vrain Creek,"RS,LE,TF",S,96,1.771592981,0.073046013
135509.007,546.6824451,CO,1019000606,Outlet Big Thompson River,"RS,LE",S,102,1.764196127,0.05798731
108312.407,438.3663974,"CO,WY",1019000801,Upper Lone Tree Creek,NM,S,81,1.455076845,0.046942515
131419.171,530.0520442,CO,1025000105,1025000105,NM,S,200,2.393835893,0.055754146
65580.893,265.2601023,CO,1025000106,Black Wolf Creek,NM,S,80,0.967516441,0.027941128
99227.098,400.488747,"CO,WY",1019000802,Spring Creek-Lone Tree Creek,NM,S,83,1.548177036,0.042720287
68512.304,277.4019922,CO,1019000906,Outlet Coal Creek,NM,S,66,0.945122882,0.029483818
206627.988,835.0395918,CO,1019001101,East Bijou Creek,NM,S,149,2.080805168,0.087276938
88849.942,359.4666025,CO,1025000203,Coyote Creek,NM,S,77,1.176402624,0.038161204
188731.654,762.6918203,"CO,NE",1025000209,Rush Creek-North Fork Republican River,NM,S,189,2.182448117,0.08066142
246471.376,999.0514756,"CO,NE",1025000210,Bushong Peak-Buffalo Creek,NM,S,214,2.837618365,0.105879126
224045.247,907.85212,CO,1019001206,Camp Creek-South Platte River,"TF,GC",M,143,1.928432555,0.096158706
105791.125,426.5335728,"CO,NE",1025000604,1025000604,NM,S,143,2.168143379,0.045506226
148754.24,602.3040286,"CO,NE",1019001702,Sidney Draw,NM,S,202,2.492364179,0.064452433
87995.995,355.6409649,"CO,NE,WY",1019001703,1019001703,NM,S,112,1.44578844,0.038114209
270235.6,1092.878612,"CO,KS",1104000502,Horse Creek-Bear Creek,NM,S,80,1.954612341,0.111390003
111536.718,451.9909927,NE,1019001802,Dry Creek-South Platte River,NM,S,89,1.438427544,0.04848988
154529.035,624.8991205,"CO,NE",1019001803,Brule Canyon-South Platte River,NM,S,91,1.341918969,0.066977458
126425.378,511.0862915,CO,1018000105,Michigan River,"RS,GC",S,104,1.693064848,0.054366505
128534.31,521.1531316,"CO,WY",1018000203,Big Creek,IT,S,101,1.272772802,0.055796121
186710.992,754.4240327,CO,1102000114,Royal Gorge-Arkansas River,NM,S,134,1.920461617,0.077849905
104253.788,422.1641941,CO,1102000201,Headwaters Four Mile Creek,NM,S,90,1.247616519,0.043789828
182940.266,739.3407317,"CO,WY",1018001001,Laramie River-Grace Creek,IT,S,100,1.479017866,0.078915673
129037.247,522.058094,CO,1402000606,Lower Uncompahgre River,NM,S,112,1.840371214,0.053916592
130611.038,528.282443,"CO,UT",1403000103,Little Dolores River,"PD,ID,CD",S,89,1.338727813,0.054910069
111262.214,450.6356519,CO,1403000204,Plateau Creek,NM,S,74,1.125395055,0.046033692
150201.426,607.2207659,CO,1405000203,Lay Creek,NM,S,91,1.262601124,0.064618489
212061.311,858.6893983,CO,1405000205,Spring Creek-Yampa River,NM,S,113,1.728526929,0.091291746
165351.32,670.2098264,WY,1405000307,Lower Sand Creek,NM,S,122,1.716953319,0.071934903
219175.892,887.4904695,CO,1405000601,Headwaters Piceance Creek,NM,S,140,1.664063654,0.093276095
57067.076,231.5526137,CO,1408010102,West Fork San Juan River,NM,S,50,0.745222133,0.023588603
87241.407,354.1463451,CO,1408010111,Upper Los Pinos River,NM,S,72,1.083100162,0.036107721
143247.152,580.6106538,"CO,NM",1408010115,Lower Los Pinos River,RS,S,120,1.643207791,0.058842091
97981.181,396.1893501,CO,1408010201,Upper Piedra River,NM,S,74,1.045887222,0.040371513
138014.798,557.7354103,CO,1408010202,Middle Piedra River,NM,S,80,1.259804559,0.056776176
90457.174,367.0063771,CO,1408010405,Lake Electra-Animas River,NM,S,76,1.137061488,0.03738647
73720.651,298.6401165,CO,1408010406,Lightner Creek-Animas River,NM,S,57,0.851530208,0.030363075
66272.804,268.6748084,CO,1408010407,Headwaters Florida River,NM,S,65,0.909966433,0.027356915
188800.514,762.982071,CO,1403000301,Upper San Miguel River,NM,S,110,1.516492071,0.078208882
194265.598,787.5455143,CO,1403000304,Naturita Creek,NM,S,82,1.291596412,0.080857301
112647.267,454.2155264,CO,1403000403,West Creek,GC,S,85,1.160763528,0.047075879
159527.152,646.1076648,"CO,UT",1408020202,Yellow Jacket Canyon,NM,S,86,1.323973772,0.065812245
97695.424,395.1316043,"CO,UT",1408020203,Middle McElmo Creek,NM,S,83,1.272804757,0.040169514
76983.203,311.1756697,"CO,UT",1408020204,Lower McElmo Creek,NM,S,68,1.10372361,0.031619165
182402.88,738.4626849,UT,1408020301,Vega Creek-Montezuma Creek,"ID,IT,CD,OT",S,95,1.408725248,0.075562284
46155.977,186.2162598,CO,1401000112,Derby Creek,NM,S,51,0.796189656,0.019617067
94270.895,381.6605604,CO,1401000304,Brush Creek,NM,S,79,1.05458865,0.039989563
111047.131,450.1172898,"CO,UT",1408020302,Coal Bed Canyon,OT,S,105,1.445239237,0.046053769
206420.699,835.0855087,"CO,UT",1408020304,Cross Canyon,"IT,CD",S,119,1.780217675,0.085197006
231809.304,937.3645306,CO,1401000407,Cyrstal River,NM,S,121,1.732941729,0.09774823
154404.019,622.9256123,CO,1401000510,Kimball Creek-Roan Creek,NM,S,97,1.387961976,0.065153204
192488.589,780.3928262,CO,1401000513,Big Creek-Plateau Creek,NM,S,109,1.530188987,0.081332268
132585.795,537.1518056,"CO,UT",1401000517,West Salt Creek,NM,S,98,1.349377485,0.056198407
147508.231,597.1881262,CO,1401000518,East Salt Creek,NM,S,92,1.344494343,0.062475539
305597.464,1235.75253,CO,1402000101,Taylor River,NM,S,131,1.928383124,0.128191213
81645.489,331.1492978,CO,1402000211,Black Canyon of the Gunnison,NM,S,75,1.015751708,0.03423972
89155.864,361.1162734,CO,1402000303,Quartz Creek,NM,S,65,1.043452815,0.037348401
177905.628,720.3225928,CO,1402000602,Upper Uncompahgre River,RS,S,99,1.398366033,0.073961111
142242.183,576.9388894,CO,1402000604,Happy Canyon Creek-Uncompahgre River,NM,S,88,1.464746147,0.059488749
165458.242,669.7450424,CO,1405000107,Fortification Creek,NM,S,88,1.248805006,0.071347409
103260.764,416.5901505,CO,1301000101,Headwaters Rio Grande,NM,S,72,0.972934366,0.042589681
117103.881,473.8406036,CO,1301000205,Headwaters Sangre de Cristo Creek,NM,S,78,1.1232378,0.04828786
114373.975,462.9531893,CO,1301000305,Deadman Creek-San Luis Creek,NM,S,69,1.623327643,0.047382958
204595.816,828.610017,"CO,NM",1108000103,Headwaters Vermejo River,NM,S,105,1.572926895,0.083768176
227293.94,919.5209646,CO,1019000304,Big Dry Creek-South Platte River,"TF,RS",S,113,1.975668437,0.096832936
107455.617,435.2158163,CO,1019000305,Beebe Seep Canal,IT,S,82,1.185762936,0.045973661
154116.396,623.0473303,CO,1019000306,Little Dry Creek-South Platte River,NM,S,131,1.972146641,0.065949549
79413.777,320.8285305,CO,1019000506,Coal Creek-Boulder Creek,"RS,DM,TF",S,87,1.39927075,0.033827405
171472.026,694.5009047,CO,1019000702,Headwaters Cache La Poudre River,NM,S,133,1.796064823,0.073904874
55769.302,225.7152828,CO,1019000706,Lone Pine Creek,NM,S,105,1.210608454,0.024082779
124074.471,501.5641609,CO,1019000708,Horsetooth Reservoir-Cache La Poudre River,NM,S,94,1.390188094,0.05341694
53903.92,218.9742769,CO,1019000904,Coal Creek,NM,S,70,1.104160048,0.023341404
76500.271,309.5890742,CO,1019001001,Upper Kiowa Creek,NM,S,80,1.050020189,0.032277217
109790.317,444.933314,CO,1019001403,Spring Creek-Pawnee Creek,NM,S,87,1.185959694,0.047465974
109723.903,443.2974579,CO,1019000312,Cottonwood Draw-South Platte River,RS,S,75,1.059821156,0.047013181
120405.498,488.3852399,CO,1019000402,Middle Clear Creek,NM,S,86,1.180701268,0.051328987
58614.911,237.2346054,CO,1019000403,Ralston Creek,NM,S,66,1.083273414,0.024960828
107394.405,435.0748386,CO,1019000504,Headwaters Boulder Creek,RS,S,81,1.254928266,0.045890336
137750.708,557.0229867,CO,1018000103,Headwaters North Platte River,NM,S,83,1.162392353,0.059277966
135820.65,548.7839661,CO,1301000111,South Fork Rio Grande,NM,S,79,1.118770201,0.055955987
223493.661,903.5469082,CO,1301000202,Rock Creek,NM,S,66,1.506911491,0.091999083
201327.155,814.5573155,CO,1301000206,Trinchera Creek-Sangre de Cristo Creek,NM,S,118,2.067595262,0.082859171
130559.78,528.1935196,CO,1301000209,Headwaters Culebra Creek,NM,S,69,1.018525021,0.053590384
161587.636,656.3194338,"CO,NM",1301000211,Punche Arroyo-Rio Grande,NM,S,120,2.09435971,0.066524135
65448.028,265.5501821,CO,1301000303,Garner Creek-San Luis Creek,NM,S,46,0.862419752,0.027313574
177859.848,719.3055726,CO,1401000115,Big Alkali Creek-Colorado River,NM,S,147,2.206400696,0.075672533
102305.084,413.9150288,CO,1401000116,Glenwood Canyon-Colorado River,NM,S,100,1.311078353,0.043413261
64433.165,261.6716994,CO,1401000206,Lower Blue River,NM,S,57,0.778266737,0.027569555
83100.022,336.1859858,CO,1402000202,South Beaver Creek-Gunnison River,RS,W,111,1.40971482,0.03469981
149430.68,603.8205453,CO,1402000403,Anthracite Creek,NM,S,81,1.238047553,0.062672843
163047.713,658.9138606,CO,1402000404,Hubbard Creek-North Fork Gunnison River,NM,S,88,1.434358403,0.068458521
106022.639,429.1672532,CO,1402000504,Dominguez Creek,NM,S,70,1.146129143,0.044448518
97619.856,394.8631496,CO,1401000401,Upper Roaring Fork River,NM,S,72,0.935508021,0.041134357
120907.192,489.1490096,CO,1401000511,Buzzard Creek,NM,S,80,1.315118841,0.051050308
71239.756,289.332091,CO,1401000512,Vega Reservoir-Plateau Creek,NM,S,55,0.885259982,0.030154633
225759.963,913.7407772,CO,1401000514,Jerry Creek-Colorado River,NM,S,148,2.046033877,0.095383189
64198.315,259.3551718,CO,1402000603,Middle Uncompahgre River,NM,S,53,0.953690041,0.026713032
130875.408,530.890001,CO,1402000605,Dry Creek,NM,S,64,1.213677415,0.054796329
193605.179,784.3746827,CO,1401000102,Fraser River,NM,S,95,1.356308108,0.082668432
148316.552,600.230357,CO,1401000104,Williams Fork,NM,S,91,1.474860469,0.063180591
193108.115,780.210812,"CO,KS",1104000303,Dermot Cemetery-North Fork Cimmaron River,NM,S,140,2.588788207,0.079310819
150930.692,611.7212049,CO,1104000401,Headwaters Sand Arroyo Creek,NM,S,83,1.50272821,0.062130502
83140.514,336.1159772,"CO,KS",1104000403,Middle Sand Arroyo Creek,NM,S,60,1.2298934,0.034182304
275922.139,1117.449428,"CO,KS,NE",1025000211,Rock Creek-Republican River,NM,S,261,2.958870698,0.118126443
140384.068,569.3548309,CO,1025000304,Hell Creek,NM,S,146,1.802379634,0.059610004
177204.603,714.475951,CO,1025000307,Landsman Creek,NM,S,143,2.02288253,0.074597224
86857.762,351.151416,"CO,NE",1025000602,Sand Creek,NM,S,106,1.589239775,0.037487145
115371.865,465.5499582,"CO,KS",1025001201,Headwaters Middle Beaver Creek,NM,S,78,1.29736606,0.048567963
105738.263,428.0290635,CO,1102000203,Hardscrabble Creek,NM,S,88,1.338584157,0.044023955
164791.001,665.7279369,CO,1102000304,Lower Fountain Creek,NM,S,100,1.639679796,0.06877848
234033.042,949.0996744,CO,1102000506,Timpas Creek,NM,S,128,2.27410749,0.09696999
227146.306,918.3872431,"CO,KS",1026000402,South Ladder Creek,NM,S,158,2.652313356,0.095087423
206825.957,836.9993978,CO,1102000604,Upper Cucharas River,NM,S,97,1.539588449,0.085277181
49676.469,200.1960115,CO,1102000606,Sandy Arroyo,NM,S,42,0.785762139,0.020444716
162554.222,656.9337233,CO,1102000608,Middle Huerfano River,NM,S,98,1.564038806,0.067229925
127159.71,513.6877108,CO,1102000804,Middle Horse Creek,NM,S,76,1.487704641,0.052933852
232471.027,941.1064077,"CO,NM",1108000101,Chicorica Creek,GC,S,113,1.648921722,0.095061931
159591.488,647.74932,CO,1102000903,Outlet Adobe Creek,NM,S,70,1.299571567,0.066708456
147094.937,596.5170363,CO,1102000913,Clay Creek,NM,S,78,1.304828506,0.06105794
116194.803,469.8851167,CO,1102000915,Buffalo Creek-Arkansas River,NM,S,78,1.249368993,0.048291649
74955.7,303.191997,CO,1102000916,Wolf Creek,NM,S,66,0.964358372,0.031070975
202447.093,818.0726741,CO,1102001001,Headwaters Purgatorie River,NM,S,89,1.250429806,0.082988398
104483.234,422.1022079,"CO,NM",1102001007,San Isidro Creek,NM,S,77,1.152829069,0.042763607
41975.5,169.4220836,"CO,NM",1102001009,Trementina Creek,NM,S,54,0.7448039,0.017177939
225978.839,914.3840731,CO,1102001015,Chacuaco Creek,NM,S,130,1.947643856,0.092852303
79001.043,318.9693575,CO,1102001102,Lake Creek-Big Sandy Creek,NM,S,70,0.866481857,0.033303613
152409.518,615.4397994,CO,1102001104,Sevenmile Creek-Big Sandy Creek,NM,S,90,1.310311482,0.064005705
108685.425,440.5177703,CO,1102001108,1102001108,NM,S,83,1.298985639,0.045572509
196627.667,794.7361475,CO,1102001109,Outlet Big Sandy Creek,NM,S,91,1.576685897,0.081919005
175048.38,706.3075414,"CO,NM,OK",1104000109,North Carrizo Creek,NM,S,102,1.546673931,0.071600365
54370.675,221.1571635,CO,1408010402,Cascade Creek,NM,S,54,0.7558478,0.022594011
108967.123,439.9562676,CO,1408010404,Hermosa Creek,NM,S,79,1.109754057,0.044860275
130048.953,526.9745835,CO,1408010701,Upper Mancos River,NM,S,71,1.068100174,0.053601134
212258.321,858.124019,"AZ,CO,NM,UT",1408020102,Marble Wash-San Juan River,"ID,CD",S,104,1.586542339,0.086939935
193609.003,783.0039838,CO,1405000105,Trout Creek-Yampa River,RS,S,116,1.600957058,0.08302408
111116.612,448.8156832,CO,1405000109,East Fork Williams Fork,NM,S,85,1.223068093,0.04747793
242682.945,980.9623125,CO,1405000206,Hells Canyon-Yampa River,NM,S,141,1.980124979,0.104158074
64985.845,263.0708056,CO,1405000311,Outlet Little Snake River,NM,S,57,0.820575248,0.02796829
130373.441,528.3830652,CO,1405000701,Wolf Creek,NM,S,105,1.502852609,0.055988998
173447.084,702.2840736,CO,1405000702,Headwaters Douglas Creek,Nm,S,81,1.263981627,0.073790825
205564.898,832.1580822,CO,1405000704,Red Wash-White River,TF,S,124,1.757654959,0.087968346
153675.014,621.0835756,"CO,UT",1405000709,Bitter Creek,NM,S,146,1.85017723,0.065200897
200259.419,810.0304032,CO,1019000103,Elevenmile Reservoir-South Platte River,NM,S,102,1.488336127,0.084194332
76865.249,311.2283059,"CO,KS",1026000102,Goose Creek,NM,S,66,1.137120428,0.032373679
124975.826,506.458005,CO,1104000108,Tecolate Creek-West Carrizo Creek,NM,S,70,1.102751875,0.051371631
187353.161,758.882543,"CO,KS",1026000401,Headwaters Ladder Creek,NM,S,159,2.445133817,0.078688325
123411.719,498.7024295,CO,1102000109,Big Cottonwood Creek-Arkansas River,NM,S,78,1.16517917,0.051432672
134349.002,546.2378717,CO,1102000501,Haynes Creek,NM,S,85,1.311894078,0.056413919
178193.6,720.0409994,CO,1102000504,Lake Meredith,NM,S,115,1.86690136,0.074159353
74991.712,303.131659,CO,1025000201,Brunker Creek,NM,S,100,1.353618381,0.032011319
166556.416,673.302076,CO,1102000609,Lower Huerfano River,NM,S,93,1.511846845,0.069067398
111722.677,449.991541,CO,1102000801,Steels Fork,NM,S,90,1.740084025,0.046662615
128219.378,518.2155312,CO,1102000901,Mustang Creek,NM,S,63,1.212995569,0.053517721
158205.454,639.7503947,CO,1102000902,Headwaters Adobe Creek,NM,S,84,1.526310437,0.066159921
168149.422,680.361885,CO,1019000208,Bear Creek,"RS,IS",S,113,1.619745767,0.071365975
247267.135,999.853621,CO,1019000309,Lost Creek,NM,S,124,1.811881635,0.105444276
92218.215,372.7485747,CO,1019000401,Upper Clear Creek,NM,S,67,0.946618722,0.039149405
93460.026,379.8046385,CO,1025000301,Buffalo Creek,NM,S,108,1.507368725,0.039676992
223381.058,904.3382603,CO,1025000305,Spring Creek,NM,S,164,1.95072669,0.094331937
125506.731,507.3609633,CO,1102000905,Headwaters Rule Creek,NM,S,76,1.095201308,0.051794707
198401.316,801.2232321,CO,1102000914,Neenoshe Reservoir-Arkansas River,NM,S,100,1.827912308,0.082377424
160367.438,648.2120479,CO,1102001011,Luning Arroyo-Purgatorie River,NM,S,121,1.890914111,0.065832374
45057.444,182.5991733,CO,1102001014,Plum Creek,NM,S,49,0.828057222,0.018573371
46577.825,188.2518953,CO,1019000503,Left Hand Creek,"RS,LE,TF",S,78,1.237404896,0.019883585
54557.951,221.278987,CO,1019000601,North Fork Big Thompson River,NM,S,61,0.830448769,0.023497571
66557.671,268.416904,CO,1019000701,South Fork Cache La Poudre River,NM,S,67,0.903557691,0.028552149
122793.144,496.8251851,"CO,WY",1019000704,Upper North Fork Cache La Poudre RIver,NM,S,87,1.215561513,0.053096479
110372.558,447.6037173,CO,1025000309,Bonny Creek,NM,S,101,1.500187641,0.046822761
122301.36,494.4198624,CO,1102001016,Lockwood Arroyo-Purgatorie River,NM,S,62,1.024870336,0.050410935
172636.834,697.8923546,"CO,KS",1103000101,East Bridge Creek-Arkansas River,ID,S,86,1.484149906,0.071625272
217033.627,880.1056627,"CO,KS",1103000201,Upper White Woman Creek,NM,S,109,1.978169293,0.090989394
230805.778,934.0478149,"CO,WY",1019000710,City of Greeley-Cache La Poudre River,NM,S,114,1.823218879,0.099273348
85601.048,345.2885163,CO,1019000905,Sand Creek-Crow Creek,NM,S,54,0.87120547,0.036757498
109654.842,443.6469723,CO,1019001203,Wildcat Creek,NM,S,114,1.564766679,0.047117749
51854.04,209.0125849,CO,1019001204,Dead Horse Draw-South Platte River,TF,M,63,0.938522512,0.022155113
162775.006,659.5077082,"CO,KS",1103000203,1103000203,NM,S,82,1.697562286,0.068065406
147182.482,595.5690835,CO,1019001209,City of Sterling-South Platte River,NM,M,98,1.363428013,0.06340022
118552.126,478.8101871,CO,1019001211,Spring Canyon-South Platte River,TF,M,95,1.464625775,0.05113161
108502.711,441.517607,"CO,NE",1019001801,Hartley Draw-South Platte River,NM,S,75,1.221091654,0.047257524
220751.14,893.9244051,CO,1403000205,Disappointment Creek,NM,S,118,1.799260673,0.091560454
143200.953,577.6853292,CO,1403000206,Ponderosa Gorge-Dolores River,NM,S,129,1.748492676,0.059051414
132247.506,536.13095,CO,1408010104,Pagosa Springs-San Juan River,NM,S,86,1.209869777,0.054488462
87641.223,355.3583794,CO,1408010107,Cat Creek-San Juan River,NM,S,76,1.04600778,0.036016779
75563.804,305.6469952,CO,1408010112,Vallecito Creek,NM,S,70,1.065429204,0.031161242
84322.095,341.4570182,"CO,NM",1408010118,Pump Canyon,GC,S,64,0.937022858,0.034539318
82106.337,331.785522,CO,1408010204,Stollheimer Creek,NM,S,80,1.114193632,0.033689392
101998.589,412.1219487,CO,1408010401,Headwaters Animas River,NM,S,86,1.057757169,0.042181086
76011.5,306.9006657,CO,1401000105,Little Muddy Creek-Colorado River,NM,S,70,0.970107334,0.032394617
65238.735,265.4926323,CO,1401000301,Gore Creek,NM,S,58,0.904827818,0.027856805
64121.431,259.4516052,CO,1401000404,Snowmass Creek,NM,S,55,0.781625495,0.027056779
73108.555,295.4187479,CO,1401000501,Canyon Creek-Colorado River,NM,S,71,0.971003318,0.030984739
128659.912,519.3633275,CO,1401000503,Divide Creek,NM,S,84,1.246964954,0.054278707
127772.762,516.1495926,CO,1401000505,Rifle Creek,NM,S,85,1.149921297,0.054190482
126849.359,513.2082734,CO,1401000508,Parachute Creek,NM,S,107,1.284704366,0.053797923
171398.857,694.7160015,CO,1401000509,Clear Creek-Roan Creek,NM,S,83,1.206138371,0.072828145
73176.475,296.8349599,CO,1401000515,Sink Creek-Colorado River,NM,S,50,0.900400991,0.030900843
266212.837,1077.829058,CO,1401000516,Big Salt Wash-Colorado River,NM,S,142,1.872756708,0.112425805
86884.288,352.2301381,"CO,UT",1401000519,McDonald Creek-Colorado River,NM,S,78,1.044821264,0.036699471
46602.322,188.0843689,CO,1402000203,Willow Creek,RS,S,50,0.663392139,0.019385462
250156.782,1011.586396,CO,1402000205,Cebolla Creek,NM,S,132,1.926379256,0.103957961
62465.621,253.4294389,CO,1402000208,Blue Creek,NM,S,66,0.993808555,0.026085325
147748.646,597.494505,CO,1402000209,Cimarron River,NM,S,80,1.242083973,0.061516062
141341.805,571.8967676,CO,1405000102,Headwaters Elk River,NM,S,106,1.426524258,0.061004153
86546.393,351.174878,CO,1402000402,East Muddy Creek,NM,S,73,0.954609368,0.036584931
133964.923,540.2570495,CO,1402000503,Escalante Creek,NM,S,63,1.228562365,0.05585714
154812.495,626.0399575,CO,1402000507,Kannah Creek-Gunnison River,NM,S,85,1.41979718,0.065049383
63488.66,256.822109,"CO,UT",1403000105,Coates Creek,NM,S,61,0.969817621,0.026670278
167792.863,679.8891978,CO,1405000603,Yellow Creek,NM,S,80,1.219718958,0.071695439
98444.698,398.1771863,CO,1405000703,Outlet Douglas Creek,NM,S,62,0.983222508,0.041956226
55718.392,225.1505317,CO,1301000201,Pinos Creek,NM,S,58,0.842256215,0.022953944
120821.427,491.3036336,CO,1301000203,Alamosa River,NM,S,130,2.233370448,0.049976346
54349.919,218.8019909,CO,1301000210,Outlet Culebra Creek,NM,S,54,0.935845757,0.022211201
64131.431,259.2734108,CO,1301000301,Kerber Creek,NM,S,65,0.869937061,0.026686061
137049.218,553.4398497,CO,1301000307,1301000307,NM,S,68,1.364121307,0.056431654
140544.307,567.021797,CO,1301000407,Ford Creek-Saguache Creek,NM,S,102,1.777634466,0.058254
140414.964,569.1482964,"CO,NM",1301000503,Rio San Antonio,NM,S,136,2.217505644,0.057583571
248790.009,1007.789313,"CO,NM",1302010101,Costillo Creek,GC,S,140,2.180462809,0.101960472
182183.374,735.4285841,"CO,NM",1302010102,Latir Creek-Rio Grande,GC,S,119,2.126554679,0.074357021
